{
  "hash": "c99fec36",
  "configHash": "f06f1a6a",
  "lockfileHash": "9ca05d85",
  "browserHash": "63919f29",
  "optimized": {
    "@angular/common": {
      "src": "../../../../../../node_modules/@angular/common/fesm2022/common.mjs",
      "file": "@angular_common.js",
      "fileHash": "ebfc5b83",
      "needsInterop": false
    },
    "@angular/common/http": {
      "src": "../../../../../../node_modules/@angular/common/fesm2022/http.mjs",
      "file": "@angular_common_http.js",
      "fileHash": "29c6020c",
      "needsInterop": false
    },
    "@angular/core": {
      "src": "../../../../../../node_modules/@angular/core/fesm2022/core.mjs",
      "file": "@angular_core.js",
      "fileHash": "50429b9b",
      "needsInterop": false
    },
    "@angular/forms": {
      "src": "../../../../../../node_modules/@angular/forms/fesm2022/forms.mjs",
      "file": "@angular_forms.js",
      "fileHash": "078488ca",
      "needsInterop": false
    },
    "@angular/platform-browser": {
      "src": "../../../../../../node_modules/@angular/platform-browser/fesm2022/platform-browser.mjs",
      "file": "@angular_platform-browser.js",
      "fileHash": "e4ec018d",
      "needsInterop": false
    },
    "@angular/router": {
      "src": "../../../../../../node_modules/@angular/router/fesm2022/router.mjs",
      "file": "@angular_router.js",
      "fileHash": "dee80ca9",
      "needsInterop": false
    },
    "buffer": {
      "src": "../../../../../../node_modules/buffer/index.js",
      "file": "buffer.js",
      "fileHash": "50b9bd31",
      "needsInterop": true
    }
  },
  "chunks": {
    "chunk-4NLFQJL3": {
      "file": "chunk-4NLFQJL3.js"
    },
    "chunk-YQGKXANH": {
      "file": "chunk-YQGKXANH.js"
    },
    "chunk-RJWH7ND2": {
      "file": "chunk-RJWH7ND2.js"
    },
    "chunk-7N4LMHAE": {
      "file": "chunk-7N4LMHAE.js"
    },
    "chunk-VQNBGZJ5": {
      "file": "chunk-VQNBGZJ5.js"
    },
    "chunk-3OV72XIM": {
      "file": "chunk-3OV72XIM.js"
    }
  }
}