{
  "hash": "a4f270af",
  "configHash": "1eb14526",
  "lockfileHash": "aca62114",
  "browserHash": "b2f42369",
  "optimized": {
    "@angular/common": {
      "src": "../../../../../../node_modules/@angular/common/fesm2022/common.mjs",
      "file": "@angular_common.js",
      "fileHash": "6d02db4e",
      "needsInterop": false
    },
    "@angular/common/http": {
      "src": "../../../../../../node_modules/@angular/common/fesm2022/http.mjs",
      "file": "@angular_common_http.js",
      "fileHash": "65febc3c",
      "needsInterop": false
    },
    "@angular/core": {
      "src": "../../../../../../node_modules/@angular/core/fesm2022/core.mjs",
      "file": "@angular_core.js",
      "fileHash": "7c811cbe",
      "needsInterop": false
    },
    "@angular/forms": {
      "src": "../../../../../../node_modules/@angular/forms/fesm2022/forms.mjs",
      "file": "@angular_forms.js",
      "fileHash": "d11220aa",
      "needsInterop": false
    },
    "@angular/platform-browser": {
      "src": "../../../../../../node_modules/@angular/platform-browser/fesm2022/platform-browser.mjs",
      "file": "@angular_platform-browser.js",
      "fileHash": "e2532fce",
      "needsInterop": false
    },
    "@angular/router": {
      "src": "../../../../../../node_modules/@angular/router/fesm2022/router.mjs",
      "file": "@angular_router.js",
      "fileHash": "e5377877",
      "needsInterop": false
    },
    "buffer": {
      "src": "../../../../../../node_modules/buffer/index.js",
      "file": "buffer.js",
      "fileHash": "11215c4d",
      "needsInterop": true
    },
    "mapbox-gl": {
      "src": "../../../../../../node_modules/mapbox-gl/dist/mapbox-gl.js",
      "file": "mapbox-gl.js",
      "fileHash": "c0bfe4dc",
      "needsInterop": true
    },
    "rxjs": {
      "src": "../../../../../../node_modules/rxjs/dist/esm5/index.js",
      "file": "rxjs.js",
      "fileHash": "1780a782",
      "needsInterop": false
    },
    "sweetalert2": {
      "src": "../../../../../../node_modules/sweetalert2/dist/sweetalert2.esm.all.js",
      "file": "sweetalert2.js",
      "fileHash": "664a7e83",
      "needsInterop": false
    }
  },
  "chunks": {
    "chunk-P4ZF3YTR": {
      "file": "chunk-P4ZF3YTR.js"
    },
    "chunk-BKDI4J7B": {
      "file": "chunk-BKDI4J7B.js"
    },
    "chunk-NUSLLQ5A": {
      "file": "chunk-NUSLLQ5A.js"
    },
    "chunk-3NWN3UFM": {
      "file": "chunk-3NWN3UFM.js"
    },
    "chunk-5425N4IT": {
      "file": "chunk-5425N4IT.js"
    },
    "chunk-P6U2JBMQ": {
      "file": "chunk-P6U2JBMQ.js"
    },
    "chunk-3OV72XIM": {
      "file": "chunk-3OV72XIM.js"
    }
  }
}