{
  "hash": "e9fb2b0e",
  "configHash": "d0d7b56a",
  "lockfileHash": "aca62114",
  "browserHash": "5b644ecc",
  "optimized": {
    "@angular/common": {
      "src": "../../../../../../node_modules/@angular/common/fesm2022/common.mjs",
      "file": "@angular_common.js",
      "fileHash": "42de2104",
      "needsInterop": false
    },
    "@angular/common/http": {
      "src": "../../../../../../node_modules/@angular/common/fesm2022/http.mjs",
      "file": "@angular_common_http.js",
      "fileHash": "b4b16d75",
      "needsInterop": false
    },
    "@angular/core": {
      "src": "../../../../../../node_modules/@angular/core/fesm2022/core.mjs",
      "file": "@angular_core.js",
      "fileHash": "e7b01ae9",
      "needsInterop": false
    },
    "@angular/forms": {
      "src": "../../../../../../node_modules/@angular/forms/fesm2022/forms.mjs",
      "file": "@angular_forms.js",
      "fileHash": "d1e81def",
      "needsInterop": false
    },
    "@angular/platform-browser": {
      "src": "../../../../../../node_modules/@angular/platform-browser/fesm2022/platform-browser.mjs",
      "file": "@angular_platform-browser.js",
      "fileHash": "a2ca4607",
      "needsInterop": false
    },
    "@angular/router": {
      "src": "../../../../../../node_modules/@angular/router/fesm2022/router.mjs",
      "file": "@angular_router.js",
      "fileHash": "33ccb139",
      "needsInterop": false
    },
    "buffer": {
      "src": "../../../../../../node_modules/buffer/index.js",
      "file": "buffer.js",
      "fileHash": "32e419c3",
      "needsInterop": true
    },
    "mapbox-gl": {
      "src": "../../../../../../node_modules/mapbox-gl/dist/mapbox-gl.js",
      "file": "mapbox-gl.js",
      "fileHash": "e620e152",
      "needsInterop": true
    },
    "rxjs": {
      "src": "../../../../../../node_modules/rxjs/dist/esm5/index.js",
      "file": "rxjs.js",
      "fileHash": "9b3dfebd",
      "needsInterop": false
    }
  },
  "chunks": {
    "chunk-A5EYAYXW": {
      "file": "chunk-A5EYAYXW.js"
    },
    "chunk-55PEQGFL": {
      "file": "chunk-55PEQGFL.js"
    },
    "chunk-IK27WFGS": {
      "file": "chunk-IK27WFGS.js"
    },
    "chunk-E46ZWMZ4": {
      "file": "chunk-E46ZWMZ4.js"
    },
    "chunk-5425N4IT": {
      "file": "chunk-5425N4IT.js"
    },
    "chunk-P6U2JBMQ": {
      "file": "chunk-P6U2JBMQ.js"
    },
    "chunk-3OV72XIM": {
      "file": "chunk-3OV72XIM.js"
    }
  }
}